<?xml version="1.0" encoding="UTF-8"?>
<project-private xmlns="http://www.netbeans.org/ns/project-private/1">
    <editor-bookmarks xmlns="http://www.netbeans.org/ns/editor-bookmarks/2" lastBookmarkId="0"/>
    <open-files xmlns="http://www.netbeans.org/ns/projectui-open-files/2">
        <group>
            <file>file:/C:/Users/yibei/Desktop/Java-assignment-main/Car%20rental%20system/src/GUI/Account.java</file>
            <file>file:/C:/Users/yibei/Desktop/Java-assignment-main/Car%20rental%20system/src/GUI/admin_profile.java</file>
            <file>file:/C:/Users/yibei/Desktop/Java-assignment-main/Car%20rental%20system/src/GUI/Admin_login.java</file>
        </group>
    </open-files>
</project-private>
