<?xml version="1.0" encoding="UTF-8"?>
<project-private xmlns="http://www.netbeans.org/ns/project-private/1">
    <editor-bookmarks xmlns="http://www.netbeans.org/ns/editor-bookmarks/2" lastBookmarkId="0"/>
    <open-files xmlns="http://www.netbeans.org/ns/projectui-open-files/2">
        <group>
            <file>file:/Users/Zukrina31/Desktop/Java%20assignment%20new/src/GUI/car_info.java</file>
            <file>file:/Users/Zukrina31/Desktop/Java%20assignment%20new/src/GUI/edit_car.java</file>
            <file>file:/Users/Zukrina31/Desktop/Java%20assignment%20new/src/GUI/Admin_login.java</file>
            <file>file:/Users/Zukrina31/Desktop/Java%20assignment%20new/src/GUI/add_car.java</file>
        </group>
    </open-files>
</project-private>
